{"accuracy": [0.5385113954544067, 0.6260437369346619, 0.6573567390441895, 0.7135761380195618, 0.7432335019111633, 0.7735387086868286, 0.7864238619804382, 0.8015404343605042, 0.8134897947311401, 0.8302620053291321, 0.8348689675331116, 0.8371005058288574, 0.8419954180717468, 0.845018744468689, 0.8570400476455688], "loss": [1.124616026878357, 0.8710141777992249, 0.8075916171073914, 0.684133768081665, 0.6251247525215149, 0.5626850128173828, 0.529295802116394, 0.5072113871574402, 0.47054532170295715, 0.4422836899757385, 0.42519915103912354, 0.4139788746833801, 0.4114666283130646, 0.37861108779907227, 0.36015719175338745], "val_accuracy": [0.5383285284042358, 0.6766570806503296, 0.6559078097343445, 0.6708933711051941, 0.7221902012825012, 0.7832853198051453, 0.7682996988296509, 0.7844380140304565, 0.8242074847221375, 0.8161383271217346, 0.81902015209198, 0.8380403518676758, 0.8438040614128113, 0.8645533323287964, 0.8628242015838623], "val_loss": [1.092566728591919, 0.7239176630973816, 0.7773270010948181, 0.7378658056259155, 0.6568731069564819, 0.5405709147453308, 0.5272494554519653, 0.4950583577156067, 0.4716952443122864, 0.4347594976425171, 0.4518756568431854, 0.3916233479976654, 0.38830769062042236, 0.3371652066707611, 0.34376490116119385], "learning_rate": [0.0010000000474974513, 0.0010000000474974513, 0.0010000000474974513, 0.0010000000474974513, 0.0010000000474974513, 0.0010000000474974513, 0.0010000000474974513, 0.0010000000474974513, 0.0010000000474974513, 0.0010000000474974513, 0.0010000000474974513, 0.0010000000474974513, 0.0010000000474974513, 0.0010000000474974513, 0.0010000000474974513]}